sample_id,id,sp_id,fluor,sex,id_anon,coh,mat,dpm,date,magn,NADH_tm,NADH_t1,NADH_t2,NADH_a1 ,px_ROI,ph_ROI,ph_px_bin1,lim_phot_number,shift,qual,excl
um-0-1,um-0-1_NADH,um-0-1,NADH,M,a69,mum,um,0,18-05-15,low,813.33,551.78,2075.81,82.06,59430,14518239,2199,no,2.5,4,n
um-0-2,um-0-2_NADH,um-0-2,NADH,M,a73,mum,um,0,18-05-15,low,770.47,499.44,1916.58,80.11,33837,9969111,2652,no,0.2,3,n
um-0-3,um-0-3_NADH,um-0-3,NADH,M,a124,mum,um,0,18-05-15,low,767.69,521.76,2066.16,81.75,50301,8109474,1451,no,2.6,4,n
um-0-4,um-0-4_NADH,um-0-4,NADH,M,a109,mum,um,0,18-05-15,low,761.69,497.41,1928.97,80.92,72014,32451338,4056,no,1.1,5,n
um-0-5,um-0-5_NADH,um-0-5,NADH,M,a30,mum,um,0,18-05-15,low,792.94,523.23,2056.91,81.59,11658,3026637,2337,no,2.5,3,n
um-0-6,um-0-6_NADH,um-0-6,NADH,M,a34,mum,um,0,18-05-15,low,740,479.44,1893.16,80.53,48381,14372993,2674,no,0.1,4,n
um-0-7,um-0-7_NADH,um-0-7,NADH,M,NA,mum,um,0,18-05-15,low,NA,NA,NA,NA,NA,NA,NA,yes,NA,NA,y
um-0-8,um-0-8_NADH,um-0-8,NADH,M,a144,mum,um,0,18-05-15,low,777.45,485.61,1998.89,80.57,55800,8351385,1347,no,2.5,4,n
um-0-9,um-0-9_NADH,um-0-9,NADH,M,a9,mum,um,0,18-05-15,low,773.3,520.35,2006.63,82.16,45724,14657398,2885,no,2.5,4,n
mf-0-1,mf-0-1_NADH,mm-0-1,NADH,F,a91,fma,ma,0,18-05-15,low,878.47,556.06,2055.59,77.81,21092,2093408,893,no,2.4,3,n
mm-0-1,mm-0-1_NADH,mm-0-1,NADH,M,a81,mma,ma,0,18-05-15,low,769.12,494.84,1898.22,79.32,42412,6732463,1429,no,2.4,4,n
mf-0-2,mf-0-2_NADH,mm-0-2,NADH,F,a49,fma,ma,0,18-05-15,low,1302.97,1302.97,0,100.00,1486,3774,23,yes,-1.2,2,n
mm-0-2,mm-0-2_NADH,mm-0-2,NADH,M,a79,mma,ma,0,18-05-15,low,934.96,469.82,2761.93,77.53,20528,569901,250,yes,1.9,2,n
mf-0-3,mf-0-3_NADH,mm-0-3,NADH,F,a61,fma,ma,0,18-05-15,low,815.06,514.04,1991.61,79.09,42204,17889065,3815,no,2.3,5,n
mm-0-3,mm-0-3_NADH,mm-0-3,NADH,M,a82,mma,ma,0,18-05-15,low,802.22,540.84,2018.9,81.70,46176,14114381,2751,no,3.5,4,n
mf-0-4,mf-0-4_NADH,mm-0-4,NADH,F,a121,fma,ma,0,18-05-15,low,858.43,570.09,2066.76,80.13,4231,456044,970,no,-1.0,3,n
mm-0-4,mm-0-4_NADH,mm-0-4,NADH,M,a17 ,mma,ma,0,18-05-15,low,777.59,507.85,1957.96,80.73,47079,22020468,4210,no,2.3,5,n
mf-0-5,mf-0-5_NADH,mm-0-5,NADH,F,a99,fma,ma,0,18-05-15,low,775.76,470.17,1904.3,77.92,20189,4639263,2068,no,2.3,4,n
mm-0-5,mm-0-5_NADH,mm-0-5,NADH,M,a89,mma,ma,0,18-05-15,low,737.79,462.71,1852.11,79.55,49852,19861929,3586,no,1.3,4,n
mf-0-6,mf-0-6_NADH,mm-0-6,NADH,F,a28,fma,ma,0,18-05-15,low,849.51,455.84,2078.97,75.33,32809,55222,15,yes,-1.0,3,n
mm-0-6,mm-0-6_NADH,mm-0-6,NADH,M,a146,mma,ma,0,18-05-15,low,787.56,492.53,1945.53,79.09,16150,3807236,2122,no,2.3,4,n
mf-0-7,mf-0-7_NADH,mm-0-7,NADH,F,a93,fma,ma,0,18-05-15,low,783.74,490.34,1918.01,78.71,37222,8929840,2159,no,0.3,4,n
mm-0-7,mm-0-7_NADH,mm-0-7,NADH,M,a47,mma,ma,0,18-05-15,low,762.73,501.33,1942.27,80.92,63231,18901506,2690,no,2.7,5,n
mf-0-8,mf-0-8_NADH,mm-0-8,NADH,F,a26,fma,ma,0,18-05-15,low,778.82,488.91,1925.79,79.27,14007,5359574,3444,no,1.3,4,n
mm-0-8,mm-0-8_NADH,mm-0-8,NADH,M,a55,mma,ma,0,18-05-15,low,781.72,523.81,1984.05,81.72,42537,18833664,3985,no,2.6,5,n
mf-0-9,mf-0-9_NADH,mm-0-9,NADH,F,a46,fma,ma,0,18-05-15,low,1181.79,810.45,2641.84,77.29,28496,43635,14,yes,1.1,3,n
mm-0-9,mm-0-9_NADH,mm-0-9,NADH,M,NA,mma,ma,0,18-05-15,low,NA,NA,NA,NA,NA,NA,NA,yes,NA,NA,y
mf-0-10,mf-0-10_NADH,mm-0-10,NADH,F,a103,fma,ma,0,18-05-15,low,849.76,583.53,2052.98,81.34,13567,3153017,2092,no,1.0,4,n
mm-0-10,mm-0-10_NADH,mm-0-10,NADH,M,a114,mma,ma,0,18-05-15,low,721.9,469.95,1885.41,80.50,62333,7478653,1080,no,1.3,4,n
mf-0_6-1,mf-0_6-1_NADH,mm-0_6-1,NADH,F,a75,fma,ma,0.25,18-05-15,low,831.63,480.77,2110.58,78.41,18054,3957227,1973,no,1.7,4,n
mm-0_6-1,mm-0_6-1_NADH,mm-0_6-1,NADH,M,a138,mma,ma,0.25,18-05-15,low,763.7,478.51,1887.26,79.32,51292,33948706,5957,no,1.5,4,n
mf-0_6-2,mf-0_6-2_NADH,mm-0_6-2,NADH,F,a137,fma,ma,0.25,18-05-15,low,771.56,481.34,1890.1,78.90,24059,1001118,374,yes,1.6,4,n
mm-0_6-2,mm-0_6-2_NADH,mm-0_6-2,NADH,M,a116,mma,ma,0.25,18-05-15,low,792.57,536.35,2067.19,82.10,68073,12085215,1598,no,3.3,4,n
mf-0_6-3,mf-0_6-3_NADH,mm-0_6-3,NADH,F,a22,fma,ma,0.25,18-05-15,low,775.35,482.03,1957.63,79.22,22299,4060201,1639,no,2.2,4,n
mm-0_6-3,mm-0_6-3_NADH,mm-0_6-3,NADH,M,a133,mma,ma,0.25,18-05-15,low,769.5,504.37,1920.05,80.59,41999,13313670,2853,no,0.3,4,n
mf-0_6-4,mf-0_6-4_NADH,mm-0_6-4,NADH,F,a19,fma,ma,0.25,18-05-15,low,807.99,519.33,2009.61,79.90,43006,13162930,2755,no,2.5,5,n
mm-0_6-4,mm-0_6-4_NADH,mm-0_6-4,NADH,M,a24,mma,ma,0.25,18-05-15,low,762.27,488.42,1932.86,79.84,59616,15592997,2354,no,0.3,4,n
mf-0_6-5,mf-0_6-5_NADH,mm-0_6-5,NADH,F,a141,fma,ma,0.25,18-05-15,low,844.04,581.33,2089.61,81.96,20440,2001622,881,no,2.3,3,n
mm-0_6-5,mm-0_6-5_NADH,mm-0_6-5,NADH,M,a52,mma,ma,0.25,18-05-15,low,757.22,496.11,1923.98,80.86,30681,8456958,2481,no,2.3,4,n
mf-0_6-6,mf-0_6-6_NADH,mm-0_6-6,NADH,F,a126,fma,ma,0.25,18-05-15,low,840.17,560.08,2024.53,80.13,10754,1404508,1175,no,-1.0,4,n
mm-0_6-6,mm-0_6-6_NADH,mm-0_6-6,NADH,M,a118,mma,ma,0.25,18-05-15,low,796.91,523.47,2213.47,80.70,21047,1010381,432,no,2.3,3,n
mf-0_6-7,mf-0_6-7_NADH,mm-0_6-7,NADH,F,a102,fma,ma,0.25,18-05-15,low,811.87,497.32,2031.98,78.86,37361,13895296,3347,no,2.4,5,n
mm-0_6-7,mm-0_6-7_NADH,mm-0_6-7,NADH,M,a14,mma,ma,0.25,18-05-15,low,781.21,531.29,2061.12,82.53,33090,5961200,1621,no,2.6,4,n
um-1-1,um-1-1_NADH,um-1-1,NADH,M,a136,mum,um,1,18-05-16,low,783.37,507.86,1974.71,80.28,29759,8437655,2552,no,0.1,4,n
um-1-2,um-1-2_NADH,um-1-2,NADH,M,a84,mum,um,1,18-05-16,low,765.82,513.13,1932.78,81.08,40524,7993354,1775,no,0.1,3,n
um-1-3,um-1-3_NADH,um-1-3,NADH,M,a139,mum,um,1,18-05-16,low,788.91,536,1990.34,81.90,41336,14939235,3253,no,3.5,4,n
um-1-4,um-1-4_NADH,um-1-4,NADH,M,NA,mum,um,1,18-05-16,low,NA,NA,NA,NA,NA,NA,NA,yes,NA,NA,y
um-1-5,um-1-5_NADH,um-1-5,NADH,M,a7,mum,um,1,18-05-16,low,785.19,503.14,2047.72,80.57,24916,2492810,900,no,1.9,3,n
um-1-6,um-1-6_NADH,um-1-6,NADH,M,NA,mum,um,1,18-05-16,low,NA,NA,NA,NA,NA,NA,NA,NA,NA,NA,y
um-1-7,um-1-7_NADH,um-1-7,NADH,M,a43,mum,um,1,18-05-16,low,NA,NA,NA,NA,5682,92597,147,yes,NA,1,y
um-1-8,um-1-8_NADH,um-1-8,NADH,M,a35,mum,um,1,18-05-16,low,788.57,484.92,2124.21,79.75,19377,1693738,787,no,2.0,3,n
um-1-9,um-1-9_NADH,um-1-9,NADH,M,a44,mum,um,1,18-05-16,low,NA,NA,NA,NA,NA,NA,NA,yes,NA,1,y
um-1-10,um-1-10_NADH,um-1-10,NADH,M,a152,mum,um,1,18-05-16,low,794.67,522.11,1952.7,80.26,35254,8576479,2189,no,1.0,4,n
mf-1-1,mf-1-1_NADH,mm-1-1,NADH,F,a108,fma,ma,1,18-05-16,low,898.84,490.82,1985.46,72.54,9431,249158,238,yes,1.6,3,n
mm-1-1,mm-1-1_NADH,mm-1-1,NADH,M,a5,mma,ma,1,18-05-16,low,NA,NA,NA,NA,NA,NA,NA,yes,NA,2,y
mf-1-2,mf-1-2_NADH,mm-1-2,NADH,F,a71,fma,ma,1,18-05-16,low,825.37,548.76,2079.89,80.83,23131,1863076,725,no,2.4,4,n
mm-1-2,mm-1-2_NADH,mm-1-2,NADH,M,a115,mma,ma,1,18-05-16,low,786.1,529.25,2046.55,81.62,41737,8369366,1805,no,2.0,4,n
mf-1-3,mf-1-3_NADH,mm-1-3,NADH,F,a32,fma,ma,1,18-05-16,low,885.37,588.92,2351.4,80.16,8853,98113,100,yes,2.3,3,n
mm-1-3,mm-1-3_NADH,mm-1-3,NADH,M,a4,mma,ma,1,18-05-16,low,807.33,564.97,2174.4,82.72,27899,2308129,745,no,2.5,3,n
mf-1-4,mf-1-4_NADH,mm-1-4,NADH,F,a12,fma,ma,1,18-05-16,low,800.7,518.88,1962.03,79.68,42670,9936862,2096,no,2.1,4,n
mm-1-4,mm-1-4_NADH,mm-1-4,NADH,M,a25,mma,ma,1,18-05-16,low,NA,NA,NA,NA,6406,83825,118,yes,NA,1,y
mf-1-5,mf-1-5_NADH,mm-1-5,NADH,F,a53,fma,ma,1,18-05-16,low,836,524.46,2124.27,80.53,12702,4505874,3193,no,2.4,4,n
mm-1-5,mm-1-5_NADH,mm-1-5,NADH,M,a153,mma,ma,1,18-05-16,low,779.58,518.18,1996.09,81.19,31360,6773158,1944,no,1.2,3,n
mf-1-6,mf-1-6_NADH,mm-1-6,NADH,F,a38,fma,ma,1,18-05-16,low,758.15,458.97,1966.06,78.35,13865,868868,564,no,0.4,3,n
mm-1-6,mm-1-6_NADH,mm-1-6,NADH,M,a150,mma,ma,1,18-05-16,low,NA,NA,NA,NA,19607,1500430,689,no,NA,1,y
mf-1-7,mf-1-7_NADH,mm-1-7,NADH,F,a18,fma,ma,1,18-05-16,low,770.34,479.33,1859.92,78.41,23191,10090181,3916,no,2.2,5,n
mm-1-7,mm-1-7_NADH,mm-1-7,NADH,M,a72,mma,ma,1,18-05-16,low,724.65,478.42,2024.98,81.58,45690,476319,94,yes,3.0,3,n
mf-1-8,mf-1-8_NADH,mm-1-8,NADH,F,a147,fma,ma,1,18-05-16,low,783.45,458.61,2448.65,78.92,16719,183779,99,yes,0.1,2,y
mm-1-8,mm-1-8_NADH,mm-1-8,NADH,M,a78,mma,ma,1,18-05-16,low,754.84,492.9,1931,80.75,31458,8264659,2364,no,1.2,3,n
mf-1-9,mf-1-9_NADH,mm-1-9,NADH,F,a123,fma,ma,1,18-05-16,low,804.62,533.97,1996.22,80.88,12519,3586303,2578,no,2.4,4,n
mm-1-9,mm-1-9_NADH,mm-1-9,NADH,M,a16,mma,ma,1,18-05-16,low,NA,NA,NA,NA,19607,497486,228,yes,NA,1,y
um-2-1,um-2-1_NADH,um-2-1,NADH,M,a112,mum,um,2,18-05-17,low,804.1,509.89,1940.9,78.90,104265,61255894,5288,no,2.2,5,n
um-2-2,um-2-2_NADH,um-2-2,NADH,M,a92,mum,um,2,18-05-17,low,NA,NA,NA,NA,36611,164916,41,yes,NA,NA,y
um-2-3,um-2-3_NADH,um-2-3,NADH,M,a58,mum,um,2,18-05-17,low,835.81,553.04,2041.84,80.33,70024,21540691,2769,no,3.5,4,n
um-2-4,um-2-4_NADH,um-2-4,NADH,M,a130,mum,um,2,18-05-17,low,766.56,502.98,2068.55,80.65,17533,477034,245,yes,2.6,3,n
um-2-5,um-2-5_NADH,um-2-5,NADH,M,a131,mum,um,2,18-05-17,low,NA,NA,NA,NA,NA,NA,NA,yes,NA,NA,y
um-2-6,um-2-6_NADH,um-2-6,NADH,M,a39,mum,um,2,18-05-17,low,775.2,517.59,2009.42,81.46,64248,8611817,1206,no,0.4,3,n
um-2-7,um-2-7_NADH,um-2-7,NADH,M,a148,mum,um,2,18-05-17,low,771,513.45,1925.16,80.93,69287,23487610,3051,no,1.0,4,n
um-2-8,um-2-8_NADH,um-2-8,NADH,M,a90,mum,um,2,18-05-17,low,742.51,461.98,1854.98,79.22,102088,44010954,3880,no,1.1,5,n
mf-2-1,mf-2-1_NADH,mm-2-1,NADH,F,a95,fma,ma,2,18-05-17,low,730.92,389.23,1788.45,75.16,10269,2612314,2289,no,3.2,3,n
mm-2-1,mm-2-1_NADH,mm-2-1,NADH,M,a117,mma,ma,2,18-05-17,low,780.05,501.76,2043.67,80.23,31059,4311587,1249,no,0.1,3,n
mf-2-2,mf-2-2_NADH,mm-2-2,NADH,F,a66,fma,ma,2,18-05-17,low,791.48,484.26,1899.98,77.53,6479,1011600,1405,no,1.6,3,n
mm-2-2,mm-2-2_NADH,mm-2-2,NADH,M,a143,mma,ma,2,18-05-17,low,790.09,525.7,2002.01,81.34,21742,6585492,2726,no,3.4,3,n
mf-2-3,mf-2-3_NADH,mm-2-3,NADH,F,a15,fma,ma,2,18-05-17,low,777.36,475.21,1875.78,77.80,9349,2849469,2743,no,0.5,3,n
mm-2-3,mm-2-3_NADH,mm-2-3,NADH,M,a64,mma,ma,2,18-05-17,low,795.77,558.56,2174.43,82.71,28427,1401952,444,no,2.5,3,n
mf-2-4,mf-2-4_NADH,mm-2-4,NADH,F,a41,fma,ma,2,18-05-17,low,797.31,513.63,1939.41,79.43,12896,1687496,1178,no,3.5,4,n
mm-2-4,mm-2-4_NADH,mm-2-4,NADH,M,a67,mma,ma,2,18-05-17,low,796.31,536.96,2010.75,81.29,52002,16086504,2784,no,2.3,4,n
mf-2-5,mf-2-5_NADH,mm-2-5,NADH,F,a88,fma,ma,2,18-05-17,low,895.54,605.85,2181.19,79.46,8545,34990,37,yes,2.0,3,n
mm-2-5,mm-2-5_NADH,mm-2-5,NADH,M,a33,mma,ma,2,18-05-17,low,2770.83,2312.97,3538.61,60.14,42953,15424789,3232,no,-0.2,3,y
mf-2-6,mf-2-6_NADH,mm-2-6,NADH,F,a134,fma,ma,2,18-05-17,low,869.45,513.17,2121.3,77.74,13434,1959434,1313,no,2.5,4,n
mm-2-6,mm-2-6_NADH,mm-2-6,NADH,M,a145,mma,ma,2,18-05-17,low,773.23,478.28,1943.36,79.38,60713,37700662,5589,no,1.9,4,n
mf-2-7,mf-2-7_NADH,mm-2-7,NADH,F,a74,fma,ma,2,18-05-17,low,789.18,473.29,1892.66,77.21,31846,11939532,3374,no,1.2,5,n
mf-2-8,mf-2-8_NADH,mm-2-8,NADH,F,a40,fma,ma,2,18-05-17,low,719.33,417.62,1794.61,77.50,17998,4503320,2252,no,-0.5,4,n
mm-2-8,mm-2-8_NADH,mm-2-8,NADH,M,a97,mma,ma,2,18-05-17,low,796.68,535.53,2018.18,81.78,35029,16873565,4335,no,2.5,4,n
um-3-1,um-3-1_NADH,um-3-1,NADH,M,a48,mum,um,3,18-05-18,low,785.41,503,1919.88,79.21,17229,5402919,2822,no,0.5,4,n
um-3-2,um-3-2_NADH,um-3-2,NADH,M,a100,mum,um,3,18-05-18,low,813.13,520.95,1971.25,79.16,80806,33579451,3740,no,2.0,4,n
um-3-3,um-3-3_NADH,um-3-3,NADH,M,a21,mum,um,3,18-05-18,low,777.39,487.57,1911.75,79.03,59468,27930452,4227,no,1.4,5,n
um-3-4,um-3-4_NADH,um-3-4,NADH,M,NA,mum,um,3,18-05-18,low,NA,NA,NA,NA,NA,NA,NA,yes,NA,1,y
um-3-5,um-3-5_NADH,um-3-5,NADH,M,a70,mum,um,3,18-05-18,low,838.49,520.34,2086.81,79.11,20907,8293909,3570,no,3.2,3,n
um-3-6,um-3-6_NADH,um-3-6,NADH,M,a85,mum,um,3,18-05-18,low,801.68,518.59,1932.54,79.35,50478,18852867,3361,no,0.5,4,n
um-3-7,um-3-7_NADH,um-3-7,NADH,M,a63,mum,um,3,18-05-18,low,801.51,501.7,2009.22,79.75,61391,45407912,6657,no,2.4,4,n
um-3-8,um-3-8_NADH,um-3-8,NADH,M,a51,mum,um,3,18-05-18,low,786.77,489.12,1911.08,78.71,57313,38468167,6041,no,2.8,4,n
mf-3-1,mf-3-1_NADH,mm-3-1,NADH,F,a45,fma,ma,3,18-05-18,low,805.47,489.4,1974.14,78.55,14781,20681433,12593,no,1.9,4,n
mm-3-1,mm-3-1_NADH,mm-3-1,NADH,M,a140,mma,ma,3,18-05-18,low,851.06,521.21,2160.01,79.81,58059,23806584,3690,no,2.1,4,n
mf-3-2,mf-3-2_NADH,mm-3-2,NADH,F,a119,fma,ma,3,18-05-18,low,875.42,573.98,2094.86,79.60,20416,6740978,2972,no,2.6,4,n
mm-3-2,mm-3-2_NADH,mm-3-2,NADH,M,a142,mma,ma,3,18-05-18,low,880.14,581.24,2033.73,78.93,52275,28571099,4919,no,0.4,4,n
mf-3-3,mf-3-3_NADH,mm-3-3,NADH,F,a36,fma,ma,3,18-05-18,low,835.75,517.17,2062.01,78.21,44461,4337602,878,no,0.6,4,n
mm-3-3,mm-3-3_NADH,mm-3-3,NADH,M,a6,mma,ma,3,18-05-18,low,754.6,471.98,1875.18,79.10,82545,29320294,3197,no,1.4,5,n
mf-3-4,mf-3-4_NADH,mm-3-4,NADH,F,a65,fma,ma,3,18-05-18,low,812.93,490.49,1964.08,77.51,48427,15299514,2843,no,1.2,4,n
mm-3-4,mm-3-4_NADH,mm-3-4,NADH,M,a104,mma,ma,3,18-05-18,low,785.7,516.21,1940.7,80.40,44840,14538954,2918,no,1.1,4,n
mf-3-5,mf-3-5_NADH,mm-3-5,NADH,F,a76,fma,ma,3,18-05-18,low,858.6,542.5,2049.45,78.50,56114,24327684,3902,no,2.6,4,n
mm-3-5,mm-3-5_NADH,mm-3-5,NADH,M,a37,mma,ma,3,18-05-18,low,811.59,534.81,2017.3,80.64,81153,31216174,3462,no,2.6,5,n
mf-3-6,mf-3-6_NADH,mm-3-6,NADH,F,a23,fma,ma,3,18-05-18,low,807.62,508.1,1942.18,78.74,21230,8736172,3704,no,3.4,4,n
mm-3-6,mm-3-6_NADH,mm-3-6,NADH,M,a122,mma,ma,3,18-05-18,low,769.73,501.85,1894.98,80.11,85611,38131470,4009,no,0.2,5,n
mf-3-7,mf-3-7_NADH,mm-3-7,NADH,F,a128,fma,ma,3,18-05-18,low,836.21,516.67,1998.7,77.92,21029,6479455,2773,no,2.3,4,n
mm-3-7,mm-3-7_NADH,mm-3-7,NADH,M,a135,mma,ma,3,18-05-18,low,790.33,494.83,1945.81,79.12,97210,59437595,5503,no,4.3,5,n
um-7-1,um-7-1_NADH,um-7-1,NADH,M,a1,mum,um,7,18-05-22,low,851.12,532.39,2083.57,79.36,66385,17916569,2429,no,2.5,4,n
um-7-2,um-7-2_NADH,um-7-2,NADH,M,a77,mum,um,7,18-05-22,low,815.18,515.88,1946,78.58,58778,31653993,4847,no,1.0,5,n
um-7-3,um-7-3_NADH,um-7-3,NADH,M,a20,mum,um,7,18-05-22,low,788.77,513.5,1972.13,80.10,84953,19142460,2028,no,1.4,4,n
um-7-4,um-7-4_NADH,um-7-4,NADH,M,a149,mum,um,7,18-05-22,low,924,466.61,2275.85,74.24,77995,18311062,2113,no,0.7,3,n
um-7-5,um-7-5_NADH,um-7-5,NADH,M,a68,mum,um,7,18-05-22,low,775.73,471.47,1911.6,78.10,84757,22877906,2429,no,3.1,4,n
mf-7-1,mf-7-1_NADH,mm-7-1,NADH,F,a101,fma,ma,7,18-05-22,low,907.22,585.92,2165.55,78.87,68183,7652325,1010,no,-1.0,4,n
mm-7-1,mm-7-1_NADH,mm-7-1,NADH,M,a111,mma,ma,7,18-05-22,low,798.9,503.85,1956.67,79.01,55459,16389830,2660,no,0.1,4,n
mf-7-2,mf-7-2_NADH,mm-7-2,NADH,F,a129,fma,ma,7,18-05-22,low,821.73,449.1,1946.47,74.65,73375,15567539,1909,no,1.7,4,n
mm-7-2,mm-7-2_NADH,mm-7-2,NADH,M,a127,mma,ma,7,18-05-22,low,846.42,449.72,2087.57,75.49,85139,58033158,6135,no,0.1,4,n
mf-7-3,mf-7-3_NADH,mm-7-3,NADH,F,a110,fma,ma,7,18-05-22,low,861.2,517.98,2022.53,76.66,37837,7002613,1666,no,2.4,4,n
mm-7-3,mm-7-3_NADH,mm-7-3,NADH,M,a50,mma,ma,7,18-05-22,low,773.4,464.49,1910.23,77.96,83772,30073587,3231,no,-0.2,4,n
mf-7-4,mf-7-4_NADH,mm-7-4,NADH,F,a56,fma,ma,7,18-05-22,low,774.77,498.19,2046.53,80.09,38942,22327271,5160,no,0.6,4,n
mf-7-5,mf-7-5_NADH,mm-7-5,NADH,F,a83,fma,ma,7,18-05-22,low,835.3,504.54,1968.2,77.12,61303,51058834,7496,no,3.3,5,n
mm-7-5,mm-7-5_NADH,mm-7-5,NADH,M,a59,mma,ma,7,18-05-22,low,795.83,513.57,1987.07,80.04,94122,23059662,2205,no,1.0,5,n
mf-7-6,mf-7-6_NADH,mm-7-6,NADH,F,a106,fma,ma,7,18-05-22,low,830.24,502.74,1975.68,77.37,26202,9071691,3116,no,2.4,4,n
mm-7-6,mm-7-6_NADH,mm-7-6,NADH,M,a13,mma,ma,7,18-05-22,low,826.73,523.23,2050.26,79.36,70163,21251348,2726,no,1.9,4,n
um-14-1,um-14-1_NADH,um-14-1,NADH,M,a113,mum,um,14,18-05-29,low,726.69,405.8,1830.15,76.45,183196,49869194,2450,no,-0.1,4,n
um-14-2,um-14-2_NADH,um-14-2,NADH,M,a105,mum,um,14,18-05-29,low,760.14,482.04,1926.43,79.69,152092,41224709,2439,no,0.0,4,n
um-14-3,um-14-3_NADH,um-14-3,NADH,M,a3,mum,um,14,18-05-29,low,780.93,483.87,1931.96,78.79,151760,59304242,3517,no,0.0,4,n
um-14-4,um-14-4_NADH,um-14-4,NADH,M,a62,mum,um,14,18-05-29,low,800.7,507.76,1989.8,79.52,160936,52207867,2920,no,1.0,4,n
um-14-5,um-14-5_NADH,um-14-5,NADH,M,a107,mum,um,14,18-05-29,low,NA,NA,NA,NA,NA,NA,NA,yes,NA,2,y
um-14-6,um-14-6_NADH,um-14-6,NADH,M,a57,mum,um,14,18-05-29,low,791.43,528.63,2051.84,81.55,130109,32607172,2256,no,2.5,4,n
um-14-7,um-14-7_NADH,um-14-7,NADH,M,a27,mum,um,14,18-05-29,low,748.59,494.09,1907.81,81.05,141123,34630484,2209,no,1.1,5,n
mf-14-1,mf-14-1_NADH,mm-14-1,NADH,F,a86,fma,ma,14,18-05-29,low,1203.12,791.67,2813.85,77.94,79005,5245150,598,no,1.7,2,y
mm-14-1,mm-14-1_NADH,mm-14-1,NADH,M,a31,mma,ma,14,18-05-29,low,818.91,557.41,2071.15,81.75,140818,31054789,1985,no,2.4,5,n
mf-14-2,mf-14-2_NADH,mm-14-2,NADH,F,a11,fma,ma,14,18-05-29,low,868.56,518.77,2040.02,76.43,77847,23583196,2726,no,2.2,4,n
mm-14-2,mm-14-2_NADH,mm-14-2,NADH,M,a125,mma,ma,14,18-05-29,low,798.93,499.46,1962.39,78.77,136036,50893623,3367,no,1.1,4,n
mf-14-3,mf-14-3_NADH,mm-14-3,NADH,F,a132,fma,ma,14,18-05-29,low,878.36,497.91,2029.9,74.62,39897,8997569,2030,no,2.0,3,n
mm-14-3,mm-14-3_NADH,mm-14-3,NADH,M,a2,mma,ma,14,18-05-29,low,874.24,611.77,2124.57,82.05,149442,30912755,1862,no,3.4,4,n
mf-14-4,mf-14-4_NADH,mm-14-4,NADH,F,a98,fma,ma,14,18-05-29,low,NA,NA,NA,NA,NA,NA,NA,yes,NA,2,y
mm-14-4,mm-14-4_NADH,mm-14-4,NADH,M,a10,mma,ma,14,18-05-29,low,754.49,491.11,1946.63,80.38,88269,23526213,2399,no,1.1,4,n
mf-14-5,mf-14-5_NADH,mm-14-5,NADH,F,a29,fma,ma,14,18-05-29,low,875.14,492.94,2065.67,74.88,84771,5321590,565,no,1.2,4,n
mm-14-5,mm-14-5_NADH,mm-14-5,NADH,M,a87,mma,ma,14,18-05-29,low,799.54,514.6,2023.54,80.17,102546,25306535,2221,no,2.0,4,n
mf-14-6,mf-14-6_NADH,mm-14-6,NADH,F,a42,fma,ma,14,18-05-29,low,NA,NA,NA,NA,NA,NA,NA,yes,2.9,2,y
mm-14-6,mm-14-6_NADH,mm-14-6,NADH,M,a94,mma,ma,14,18-05-29,low,815.31,488.45,2048.62,78.32,80679,17662503,1970,no,2.9,4,n
mf-14-7,mf-14-7_NADH,mm-14-7,NADH,F,a8,fma,ma,14,18-05-29,low,979.89,604.37,2304.18,76.59,262144,484536,17,yes,2.1,3,n
mm-14-7,mm-14-7_NADH,mm-14-7,NADH,M,a54,mma,ma,14,18-05-29,low,780.51,507.47,1933.9,80.10,169077,61909424,3295,no,1.0,5,n
mf-14-8,mf-14-8_NADH,mm-14-8,NADH,F,a60,fma,ma,14,18-05-29,low,NA,NA,NA,NA,NA,NA,NA,NA,2.0,2,y
mf-14-9,mf-14-9_NADH,mm-14-9,NADH,F,a120,fma,ma,14,18-05-29,low,1146.14,657.67,2749.94,75.47,11639,1243522,962,no,2.2,3,n
mm-14-9,mm-14-9_NADH,mm-14-9,NADH,M,a96,mma,ma,14,18-05-29,low,817.82,552.89,2139.37,81.89,172509,19874342,1037,no,3.6,4,n
um-30-1,um-30-1_NADH,um-30-1,NADH,M,a286,mum,um,30,18-06-14,low,780.32,416.72,1937.3,75.42,94208,23561674,2251,no,0.1,5,n
um-30-2,um-30-2_NADH,um-30-2,NADH,M,a302,mum,um,30,18-06-14,low,NA,NA,NA,NA,NA,NA,NA,yes,3.5,2,y
um-30-3,um-30-3_NADH,um-30-3,NADH,M,a287,mum,um,30,18-06-14,low,819.6,515.13,1998.09,78.59,122233,25120127,1850,no,1.5,5,n
um-30-4,um-30-4_NADH,um-30-4,NADH,M,a290,mum,um,30,18-06-14,low,866.07,563.11,2068.59,79.18,126845,47200971,3349,no,3.5,5,n
um-30-5,um-30-5_NADH,um-30-5,NADH,M,a294,mum,um,30,18-06-14,low,852.48,519.63,2003.02,76.8,48885,8349796,1537,no,2.4,3,n
um-30-6,um-30-6_NADH,um-30-6,NADH,M,a288,mum,um,30,18-06-14,low,NA,NA,NA,NA,11691,297364,229,yes,NA,1,y
um-30-7,um-30-7_NADH,um-30-7,NADH,M,a301,mum,um,30,18-06-14,low,855.28,560.4,2061.71,79.5,99535,38455139,3477,no,2.4,5,n
mm-30-1,mm-30-1_NADH,mm-30-1,NADH,M,a298,mma,ma,30,18-06-14,low,845.74,529.69,2043.74,78.28,85013,18336882,1941,no,2.7,3,n
mm-30-2,mm-30-2_NADH,mm-30-2,NADH,M,a304,mma,ma,30,18-06-14,low,839.18,549.88,2081.22,80.08,122993,32867877,2405,no,3.3,5,n
mm-30-3,mm-30-3_NADH,mm-30-3,NADH,M,a295,mma,ma,30,18-06-14,low,790.91,476.08,1912.06,77.45,79206,28228105,3207,no,-0.9,4,n
mm-30-4,mm-30-4_NADH,mm-30-4,NADH,M,a289,mma,ma,30,18-06-14,low,819.67,514.85,1999.79,78.59,122233,25210032,1856,no,1.5,1,n
mm-30-5,mm-30-5_NADH,mm-30-5,NADH,M,a293,mma,ma,30,18-06-14,low,801.61,505.9,1998.45,79.33,69597,21795731,2819,no,2.2,4,n
mm-30-6,mm-30-6_NADH,mm-30-6,NADH,M,a300,mma,ma,30,18-06-14,low,801.93,495.62,1905.6,77.66,87875,35156154,3601,no,2.6,4,n
mm-30-7,mm-30-7_NADH,mm-30-7,NADH,M,a297,mma,ma,30,18-06-14,low,803.39,512.61,1959.46,78.95,64123,32103695,4506,no,2.5,4,n
um-0-1,um-0-1_NADH,um-0-1,NADH,M,a176,mum,um,0,18-05-15,high,780.78,536.44,2007.4,82.35,262144,35278955,1211,no,1.0,3,n
um-0-2,um-0-2_NADH,um-0-2,NADH,M,a236,mum,um,0,18-05-15,high,771.01,532.04,1990.68,82.42,262144,27708904,951,no,1.0,3,n
um-0-3,um-0-3_NADH,um-0-3,NADH,M,NA,mum,um,0,18-05-15,high,NA,NA,NA,NA,NA,NA,NA,yes,NA,NA,y
um-0-4,um-0-4_NADH,um-0-4,NADH,M,a203,mum,um,0,18-05-15,high,709.9,478.27,1891.1,82.51,262144,40405689,1387,no,0.0,3,n
um-0-5,um-0-5_NADH,um-0-5,NADH,M,NA,mum,um,0,18-05-15,high,NA,NA,NA,NA,NA,NA,NA,yes,NA,NA,y
um-0-6,um-0-6_NADH,um-0-6,NADH,M,a157,mum,um,0,18-05-15,high,751.66,495.95,1911.28,81.23,262144,94202391,3234,no,1.0,4,n
um-0-7,um-0-7_NADH,um-0-7,NADH,M,NA,mum,um,0,18-05-15,high,NA,NA,NA,NA,NA,NA,NA,yes,NA,NA,y
um-0-8,um-0-8_NADH,um-0-8,NADH,M,NA,mum,um,0,18-05-15,high,NA,NA,NA,NA,NA,NA,NA,yes,NA,NA,y
um-0-9,um-0-9_NADH,um-0-9,NADH,M,a241,mum,um,0,18-05-15,high,773.12,520.61,1947.32,81.64,262144,76974526,2643,no,1.8,4,n
mf-0-1,mf-0-1_NADH,mm-0-1,NADH,F,a270,fma,ma,0,18-05-15,high,859.1,586.56,2122.11,80.69,101402,4071193,361,yes,1.1,3,n
mm-0-1,mm-0-1_NADH,mm-0-1,NADH,M,a206,mma,ma,0,18-05-15,high,846.35,547.69,2036.02,79.43,262144,20617175,708,no,1.0,3,n
mf-0-2,mf-0-2_NADH,mm-0-2,NADH,F,NA,fma,ma,0,18-05-15,high,NA,NA,NA,NA,NA,NA,NA,yes,NA,NA,y
mm-0-2,mm-0-2_NADH,mm-0-2,NADH,M,NA,mma,ma,0,18-05-15,high,NA,NA,NA,NA,NA,NA,NA,yes,NA,NA,y
mf-0-3,mf-0-3_NADH,mm-0-3,NADH,F,a232,fma,ma,0,18-05-15,high,821.71,558.86,2092.85,82.17,144152,29746679,1857,no,-1.0,3,n
mm-0-3,mm-0-3_NADH,mm-0-3,NADH,M,a178,mma,ma,0,18-05-15,high,801.1,498.14,1980.32,79.42,262144,34561473,1187,no,0.1,3,n
mf-0-4,mf-0-4_NADH,mm-0-4,NADH,F,a261,fma,ma,0,18-05-15,high,NA,NA,NA,NA,981489,925066,8,yes,2.2,1,y
mm-0-4,mm-0-4_NADH,mm-0-4,NADH,M,a204,mma,ma,0,18-05-15,high,773.59,528.54,1973.3,82.16,262144,45843624,1574,no,0.0,4,n
mf-0-5,mf-0-5_NADH,mm-0-5,NADH,F,a238,fma,ma,0,18-05-15,high,731.81,465.56,1914.51,80.34,149348,16087237,969,no,1.3,4,n
mm-0-5,mm-0-5_NADH,mm-0-5,NADH,M,a276,mma,ma,0,18-05-15,high,759.74,511.84,1972.88,81.94,262144,54337802,1866,no,0.0,3,n
mf-0-6,mf-0-6_NADH,mm-0-6,NADH,F,a198,fma,ma,0,18-05-15,high,878.2,519.13,2662.5,78.92,262144,28347706,973,no,3.2,3,n
mm-0-6,mm-0-6_NADH,mm-0-6,NADH,M,NA,mma,ma,0,18-05-15,high,NA,NA,NA,NA,NA,NA,NA,yes,NA,NA,y
mf-0-7,mf-0-7_NADH,mm-0-7,NADH,F,a225,fma,ma,0,18-05-15,high,799.87,542.36,2022.75,81.37,129333,12967372,902,no,1.0,3,n
mm-0-7,mm-0-7_NADH,mm-0-7,NADH,M,a259,mma,ma,0,18-05-15,high,761.85,499.89,1890.09,80.49,262144,85025101,2919,no,1.1,3,n
mf-0-8,mf-0-8_NADH,mm-0-8,NADH,F,a172,fma,ma,0,18-05-15,high,717.48,461.06,1923.88,81.16,132831,18143395,1229,no,0.1,3,y
mm-0-8,mm-0-8_NADH,mm-0-8,NADH,M,a212,mma,ma,0,18-05-15,high,777.95,528.54,1962.25,81.93,262144,73371303,2519,no,1.0,4,n
mf-0-9,mf-0-9_NADH,mm-0-9,NADH,F,NA,fma,ma,0,18-05-15,high,NA,NA,NA,NA,NA,NA,NA,yes,NA,NA,y
mm-0-9,mm-0-9_NADH,mm-0-9,NADH,M,NA,mma,ma,0,18-05-15,high,NA,NA,NA,NA,NA,NA,NA,yes,NA,NA,y
mf-0-10,mf-0-10_NADH,mm-0-10,NADH,F,a231,fma,ma,0,18-05-15,high,705.33,423.94,1813.3,78.71,115107,19295141,1509,no,-0.3,3,n
mm-0-10,mm-0-10_NADH,mm-0-10,NADH,M,a165,mma,ma,0,18-05-15,high,754.66,507.97,1917.97,81.69,262144,63842335,2192,no,2.0,3,n
mf-0_6-1,mf-0_6-1_NADH,mm-0_6-1,NADH,F,NA,fma,ma,0.25,18-05-15,high,NA,NA,NA,NA,NA,NA,NA,yes,NA,NA,y
mm-0_6-1,mm-0_6-1_NADH,mm-0_6-1,NADH,M,NA,mma,ma,0.25,18-05-15,high,NA,NA,NA,NA,NA,NA,NA,yes,NA,NA,y
mf-0_6-2,mf-0_6-2_NADH,mm-0_6-2,NADH,F,a255,fma,ma,0.25,18-05-15,high,773.96,519.21,1941.57,81.42,103957,28442202,2462,no,1.0,4,n
mm-0_6-2,mm-0_6-2_NADH,mm-0_6-2,NADH,M,a242,mma,ma,0.25,18-05-15,high,771.25,514.86,2011.66,81.69,262144,44675512,1534,no,1.0,3,n
mf-0_6-3,mf-0_6-3_NADH,mm-0_6-3,NADH,F,a264,fma,ma,0.25,18-05-15,high,814.05,551.9,2075.9,81.83,143587,19611057,1229,no,-1.0,4,n
mm-0_6-3,mm-0_6-3_NADH,mm-0_6-3,NADH,M,a214,mma,ma,0.25,18-05-15,high,777.34,521.83,1958.65,81.49,262144,68314842,2345,no,1.0,5,n
mf-0_6-4,mf-0_6-4_NADH,mm-0_6-4,NADH,F,a283,fma,ma,0.25,18-05-15,high,806.03,525.88,1988.32,80.1,156616,31737068,1824,no,0.1,4,n
mm-0_6-4,mm-0_6-4_NADH,mm-0_6-4,NADH,M,a257,mma,ma,0.25,18-05-15,high,773.38,524.92,2024.87,82.14,262144,34937831,1199,no,1.0,4,n
mf-0_6-5,mf-0_6-5_NADH,mm-0_6-5,NADH,F,NA,fma,ma,0.25,18-05-15,high,NA,NA,NA,NA,NA,NA,NA,yes,NA,NA,y
mm-0_6-5,mm-0_6-5_NADH,mm-0_6-5,NADH,M,NA,mma,ma,0.25,18-05-15,high,NA,NA,NA,NA,NA,NA,NA,yes,NA,NA,y
mf-0_6-6,mf-0_6-6_NADH,mm-0_6-6,NADH,F,NA,fma,ma,0.25,18-05-15,high,NA,NA,NA,NA,NA,NA,NA,yes,NA,NA,y
mm-0_6-6,mm-0_6-6_NADH,mm-0_6-6,NADH,M,NA,mma,ma,0.25,18-05-15,high,NA,NA,NA,NA,NA,NA,NA,yes,NA,NA,y
mf-0_6-7,mf-0_6-7_NADH,mm-0_6-7,NADH,F,a281,fma,ma,0.25,18-05-15,high,797.12,502.11,2073.11,80.2,150063,27562032,1653,no,1.1,4,n
mm-0_6-7,mm-0_6-7_NADH,mm-0_6-7,NADH,M,a277,mma,ma,0.25,18-05-15,high,754.04,504.61,1983.09,81.94,262144,36627991,1258,no,0.0,3,n
um-1-1,um-1-1_NADH,um-1-1,NADH,M,a185,mum,um,1,18-05-16,high,795.73,530.03,2021.59,81.38,262144,57118783,1961,no,1.0,3,n
um-1-2,um-1-2_NADH,um-1-2,NADH,M,a274,mum,um,1,18-05-16,high,807.14,559.26,2029.58,82.53,262144,60995568,2094,no,-0.1,4,n
um-1-3,um-1-3_NADH,um-1-3,NADH,M,a200,mum,um,1,18-05-16,high,780.69,533.99,1999.82,82.37,262144,55101661,1892,no,1.0,5,n
um-1-4,um-1-4_NADH,um-1-4,NADH,M,NA,mum,um,1,18-05-16,high,NA,NA,NA,NA,NA,NA,NA,yes,NA,NA,y
um-1-5,um-1-5_NADH,um-1-5,NADH,M,a228,mum,um,1,18-05-16,high,779.38,510.13,1970.17,80.77,262144,70904398,2434,no,1.0,3,n
um-1-6,um-1-6_NADH,um-1-6,NADH,M,NA,mum,um,1,18-05-16,high,NA,NA,NA,NA,NA,NA,NA,yes,NA,NA,y
um-1-7,um-1-7_NADH,um-1-7,NADH,M,NA,mum,um,1,18-05-16,high,NA,NA,NA,NA,NA,NA,NA,yes,NA,NA,y
um-1-8,um-1-8_NADH,um-1-8,NADH,M,a197,mum,um,1,18-05-16,high,772.8,483.77,2074.55,80.17,262144,17072826,586,no,1.0,3,n
um-1-9,um-1-9_NADH,um-1-9,NADH,M,a262,mum,um,1,18-05-16,high,NA,NA,NA,NA,NA,NA,NA,yes,NA,1,y
um-1-10,um-1-10_NADH,um-1-10,NADH,M,a194,mum,um,1,18-05-16,high,757.41,512.02,1924.29,81.93,262144,92536130,3177,no,1.0,5,n
mf-1-1,mf-1-1_NADH,mm-1-1,NADH,F,NA,fma,ma,1,18-05-16,high,NA,NA,NA,NA,NA,NA,NA,yes,NA,NA,y
mm-1-1,mm-1-1_NADH,mm-1-1,NADH,M,NA,mma,ma,1,18-05-16,high,NA,NA,NA,NA,NA,NA,NA,yes,NA,NA,y
mf-1-2,mf-1-2_NADH,mm-1-2,NADH,F,a284,fma,ma,1,18-05-16,high,827.37,537.96,2096.83,79.84,144509,14678410,914,no,0.1,3,n
mm-1-2,mm-1-2_NADH,mm-1-2,NADH,M,a234,mma,ma,1,18-05-16,high,793.8,540.71,1983.18,81.79,105518,8062348,688,no,1.0,4,n
mf-1-3,mf-1-3_NADH,mm-1-3,NADH,F,NA,fma,ma,1,18-05-16,high,NA,NA,NA,NA,NA,NA,NA,yes,NA,NA,y
mm-1-3,mm-1-3_NADH,mm-1-3,NADH,M,NA,mma,ma,1,18-05-16,high,NA,NA,NA,NA,NA,NA,NA,yes,NA,NA,y
mf-1-4,mf-1-4_NADH,mm-1-4,NADH,F,a279,fma,ma,1,18-05-16,high,834.44,498.68,2178.32,80.01,143650,16114889,1010,no,1.2,4,n
mm-1-4,mm-1-4_NADH,mm-1-4,NADH,M,NA,mma,ma,1,18-05-16,high,NA,NA,NA,NA,NA,NA,262144,yes,NA,NA,y
mf-1-5,mf-1-5_NADH,mm-1-5,NADH,F,a207,fma,ma,1,18-05-16,high,775.12,507.11,1932.12,80.36,107254,13659770,1146,no,0.8,4,n
mm-1-5,mm-1-5_NADH,mm-1-5,NADH,M,a245,mma,ma,1,18-05-16,high,770.8,521.28,2029.79,81.82,262144,29565002,1015,no,1.0,3,n
mf-1-6,mf-1-6_NADH,mm-1-6,NADH,F,a269,fma,ma,1,18-05-16,high,839.16,568.25,2240.51,80.17,141223,3328046,212,yes,-1.0,3,n
mm-1-6,mm-1-6_NADH,mm-1-6,NADH,M,a208,mma,ma,1,18-05-16,high,766.98,468.39,2153.1,79.53,262144,11738915,403,no,1.1,3,n
mf-1-7,mf-1-7_NADH,mm-1-7,NADH,F,a199,fma,ma,1,18-05-16,high,782.71,508.08,1934.65,80.00,125357,28347706,2035,no,0.2,4,n
mm-1-7,mm-1-7_NADH,mm-1-7,NADH,M,a210,mma,ma,1,18-05-16,high,736.36,494.77,1915.25,81.77,262144,37285746,1280,no,2.0,3,n
mf-1-8,mf-1-8_NADH,mm-1-8,NADH,F,a240,fma,ma,1,18-05-16,high,799.49,537.78,2020.25,81.49,100803,16305290,1456,no,1.0,4,n
mm-1-8,mm-1-8_NADH,mm-1-8,NADH,M,a266,mma,ma,1,18-05-16,high,764.69,503.79,1989.54,80.92,262144,28971995,995,no,1.1,3,n
mf-1-9,mf-1-9_NADH,mm-1-9,NADH,F,a230,fma,ma,1,18-05-16,high,797.62,546.01,2031.38,82.2,130653,18900289,1302,no,2.3,3,n
mm-1-9,mm-1-9_NADH,mm-1-9,NADH,M,a182,mma,ma,1,18-05-16,high,NA,NA,NA,NA,242220,1999801,74,yes,NA,1,y
um-2-1,um-2-1_NADH,um-2-1,NADH,M,a183,mum,um,2,18-05-17,high,821.91,538.04,2003.83,80.03,262144,96645662,3318,no,1.0,5,n
um-2-2,um-2-2_NADH,um-2-2,NADH,M,a263,mum,um,2,18-05-17,high,NA,NA,NA,NA,262144,2418564.0,83,yes,NA,1,y
um-2-3,um-2-3_NADH,um-2-3,NADH,M,a181,mum,um,2,18-05-17,high,803.38,513.34,1983.56,79.60,262144,11136133,382,yes,2.0,4,n
um-2-4,um-2-4_NADH,um-2-4,NADH,M,a211,mum,um,2,18-05-17,high,756.86,523.71,1899.69,82.43,262144,65430630,2246,no,0.0,4,n
um-2-5,um-2-5_NADH,um-2-5,NADH,M,a239,mum,um,2,18-05-17,high,755.1,497.0,2101.94,80.7,119980,7255808.0,544,no,NA,3,n
um-2-6,um-2-6_NADH,um-2-6,NADH,M,a169,mum,um,2,18-05-17,high,769.93,522.42,1966.27,81.97,262144,46161082,1585,no,1.0,4,n
um-2-7,um-2-7_NADH,um-2-7,NADH,M,a175,mum,um,2,18-05-17,high,785.18,516.55,1948.3,80.59,262144,10603522,364,yes,1.0,4,n
um-2-8,um-2-8_NADH,um-2-8,NADH,M,a191,mum,um,2,18-05-17,high,784.56,524.2,1932.49,80.91,262144,96611336,3317,no,1.0,4,n
mf-2-1,mf-2-1_NADH,mm-2-1,NADH,F,a268,fma,ma,2,18-05-17,high,829.02,526.48,2026.39,79.09,91420,17792511,1752,no,0.1,3,n
mm-2-1,mm-2-1_NADH,mm-2-1,NADH,M,a224,mma,ma,2,18-05-17,high,793.6,527.65,2053.22,81.28,262144,34628845,1189,no,1.0,3,n
mf-2-2,mf-2-2_NADH,mm-2-2,NADH,F,a154,fma,ma,2,18-05-17,high,814.62,528.49,1982.21,79.58,40557,9728853,2159,no,2.0,4,n
mm-2-2,mm-2-2_NADH,mm-2-2,NADH,M,a161,mma,ma,2,18-05-17,high,784.15,525.09,2035.36,81.60,262144,31992045,1098,no,0.0,3,n
mf-2-3,mf-2-3_NADH,mm-2-3,NADH,F,a221,fma,ma,2,18-05-17,high,799.48,551.39,2022,82.37,130100,19354296,1339,no,-0.1,4,n
mm-2-3,mm-2-3_NADH,mm-2-3,NADH,M,a273,mma,ma,2,18-05-17,high,764.49,508.41,1984.09,81.03,262144,29874498,1026,no,2.0,3,n
mf-2-4,mf-2-4_NADH,mm-2-4,NADH,F,a235,fma,ma,2,18-05-17,high,790.29,544.52,2002.84,81.96,105518,8062348,688,no,2.3,3,n
mm-2-4,mm-2-4_NADH,mm-2-4,NADH,M,a192,mma,ma,2,18-05-17,high,781.55,522.41,1951.15,81.08,262144,65621772,2253,no,2.0,3,n
mf-2-5,mf-2-5_NADH,mm-2-5,NADH,F,a173,fma,ma,2,18-05-17,high,NA,NA,NA,NA,73296,849914,104,yes,NA,2,y
mm-2-5,mm-2-5_NADH,mm-2-5,NADH,M,a218,mma,ma,2,18-05-17,high,NA,NA,NA,NA,NA,NA,NA,yes,1.3,2,y
mf-2-6,mf-2-6_NADH,mm-2-6,NADH,F,a170,fma,ma,2,18-05-17,high,791.75,521.3,2102.39,80.43,117438,6600401,506,no,1.0,3,n
mm-2-6,mm-2-6_NADH,mm-2-6,NADH,M,a278,mma,ma,2,18-05-17,high,796.41,506.52,1997.89,79.82,262144,78672114,2701,no,1.0,3,n
mf-2-7,mf-2-7_NADH,mm-2-7,NADH,F,a275,fma,ma,2,18-05-17,high,786.4,502.75,1958.77,79.72,125233,27554821,1980,no,0.2,5,n
mf-2-8,mf-2-8_NADH,mm-2-8,NADH,F,a193,fma,ma,2,18-05-17,high,783.73,520,1958.2,80.92,262144,20142438,692,no,2.4,3,n
mm-2-8,mm-2-8_NADH,mm-2-8,NADH,M,a160,mma,ma,2,18-05-17,high,766,519.82,2002.96,82.49,262144,50025011,1717,no,0.0,3,n
um-3-1,um-3-1_NADH,um-3-1,NADH,M,a220,mum,um,3,18-05-18,high,800.97,533.45,2007.93,80.96,262144,40397948,1387,no,2.0,3,n
um-3-2,um-3-2_NADH,um-3-2,NADH,M,a249,mum,um,3,18-05-18,high,830.74,546.35,1991.06,79.74,262144,10892269,374,yes,1.0,4,n
um-3-3,um-3-3_NADH,um-3-3,NADH,M,a233,mum,um,3,18-05-18,high,784.05,519.55,1963.84,80.91,262144,72737693,2497,no,1.0,4,n
um-3-4,um-3-4_NADH,um-3-4,NADH,M,NA,mum,um,3,18-05-18,high,NA,NA,NA,NA,NA,NA,NA,yes,NA,NA,y
um-3-5,um-3-5_NADH,um-3-5,NADH,M,a186,mum,um,3,18-05-18,high,827.36,512.59,2212.17,79.57,262144,19262577,661,no,2.0,3,n
um-3-6,um-3-6_NADH,um-3-6,NADH,M,a209,mum,um,3,18-05-18,high,795.08,510.13,1933.83,79.34,262144,10628229,365,yes,1.0,4,n
um-3-7,um-3-7_NADH,um-3-7,NADH,M,a227,mum,um,3,18-05-18,high,789.5,500.28,1974.68,79.74,262144,10421480,358,yes,1.0,3,n
um-3-8,um-3-8_NADH,um-3-8,NADH,M,a223,mum,um,3,18-05-18,high,761.96,484.44,1921.02,80.25,262144,15954177,548,no,1.0,3,n
mf-3-1,mf-3-1_NADH,mm-3-1,NADH,F,a166,fma,ma,3,18-05-18,high,786.37,510.06,2009.46,80.39,149154,17907614,1081,no,2.3,3,n
mm-3-1,mm-3-1_NADH,mm-3-1,NADH,M,a174,mma,ma,3,18-05-18,high,794.61,523.78,2017.53,80.72,262144,35353890,1214,no,1.1,3,n
mf-3-2,mf-3-2_NADH,mm-3-2,NADH,F,a265,fma,ma,3,18-05-18,high,855.7,564.68,2114.35,80.39,115515,16043900,1250,no,-0.1,4,n
mm-3-2,mm-3-2_NADH,mm-3-2,NADH,M,a226,mma,ma,3,18-05-18,high,831.44,543.87,1998.81,79.61,262144,92442429,3174,no,1.0,4,n
mf-3-3,mf-3-3_NADH,mm-3-3,NADH,F,a163,fma,ma,3,18-05-18,high,863.43,569.8,2145.72,80.45,116691,17734488,1368,no,2.3,3,n
mm-3-3,mm-3-3_NADH,mm-3-3,NADH,M,a202,mma,ma,3,18-05-18,high,773.12,526.34,1953.94,81.96,262144,52975552,1819,no,2.0,5,n
mf-3-4,mf-3-4_NADH,mm-3-4,NADH,F,a156,fma,ma,3,18-05-18,high,820.62,491.55,2014.05,77.78,166278,61192881,3312,no,1.1,5,n
mm-3-4,mm-3-4_NADH,mm-3-4,NADH,M,a171,mma,ma,3,18-05-18,high,789.86,515.77,1903.71,79.72,262144,12284483,422,no,2.0,4,n
mf-3-5,mf-3-5_NADH,mm-3-5,NADH,F,a246,fma,ma,3,18-05-18,high,832.79,514.23,2019.48,78.26,164927,70485206,3846,no,2.4,5,n
mm-3-5,mm-3-5_NADH,mm-3-5,NADH,M,a188,mma,ma,3,18-05-18,high,797.77,530.07,2001.64,81.11,262144,76227544,2617,no,2.0,4,n
mf-3-6,mf-3-6_NADH,mm-3-6,NADH,F,a251,fma,ma,3,18-05-18,high,797.62,515.11,1956.79,79.74,125819,45191930,3233,no,3.3,4,n
mm-3-6,mm-3-6_NADH,mm-3-6,NADH,M,a217,mma,ma,3,18-05-18,high,772.72,497.07,1857.15,79.24,262144,15738306,540,no,2.0,5,n
mf-3-7,mf-3-7_NADH,mm-3-7,NADH,F,a267,fma,ma,3,18-05-18,high,817.84,486.13,2046.14,77.99,117858,35160539,2685,no,0.0,3,n
mm-3-7,mm-3-7_NADH,mm-3-7,NADH,M,a189,mma,ma,3,18-05-18,high,788.59,505.5,1952.57,79.80,262144,10756100,369,yes,1.0,5,n
um-7-1,um-7-1_NADH,um-7-1,NADH,M,a190,mum,um,7,18-05-22,high,817.96,551.83,2040.86,81.36,262144,52826856,1814,no,0.0,4,n
um-7-2,um-7-2_NADH,um-7-2,NADH,M,a252,mum,um,7,18-05-22,high,793.96,527.2,1994.66,80.91,262144,56707278,1947,no,1.0,4,n
um-7-3,um-7-3_NADH,um-7-3,NADH,M,a155,mum,um,7,18-05-22,high,814.42,542.42,2013.95,80.87,262144,89286601,3065,no,1.0,5,n
um-7-4,um-7-4_NADH,um-7-4,NADH,M,a282,mum,um,7,18-05-22,high,958.67,511.58,2312.52,74.61,262144,21109064,725,no,1.0,3,n
um-7-5,um-7-5_NADH,um-7-5,NADH,M,a243,mum,um,7,18-05-22,high,813.11,518.59,2003.39,79.52,262144,96853019,3325,no,2.0,5,n
mf-7-1,mf-7-1_NADH,mm-7-1,NADH,F,a216,fma,ma,7,18-05-22,high,900.77,560.07,2149.82,77.98,160843,56477636,3160,no,-1.0,4,n
mm-7-1,mm-7-1_NADH,mm-7-1,NADH,M,a159,mma,ma,7,18-05-22,high,814.32,550.07,2039.44,81.43,262144,46263175,1588,no,1.0,4,n
mf-7-2,mf-7-2_NADH,mm-7-2,NADH,F,a247,fma,ma,7,18-05-22,high,850.41,496.55,2032.51,76.42,180808,69148405,3442,no,1.0,4,n
mm-7-2,mm-7-2_NADH,mm-7-2,NADH,M,a196,mma,ma,7,18-05-22,high,901.83,513.64,2211.3,76.61,262144,95094939,3265,no,1.0,3,n
mf-7-3,mf-7-3_NADH,mm-7-3,NADH,F,a213,fma,ma,7,18-05-22,high,852.53,475.39,2008.54,74.95,97782,49152346,4524,no,2.7,4,n
mm-7-3,mm-7-3_NADH,mm-7-3,NADH,M,a271,mma,ma,7,18-05-22,high,817.46,533.16,2052.42,80.51,262144,61867742,2124,no,1.0,4,n
mf-7-4,mf-7-4_NADH,mm-7-4,NADH,F,a167,fma,ma,7,18-05-22,high,787.38,487.48,1972.14,79.05,146672,41849811,2568,no,1.5,3,n
mf-7-5,mf-7-5_NADH,mm-7-5,NADH,F,a187,fma,ma,7,18-05-22,high,817.82,490.91,1953.71,77.42,153788,14542693,851,no,0.0,5,n
mm-7-5,mm-7-5_NADH,mm-7-5,NADH,M,a158,mma,ma,7,18-05-22,high,803.25,510.04,1996.04,79.55,262144,81824355,2809,no,0.1,3,n
mf-7-6,mf-7-6_NADH,mm-7-6,NADH,F,a177,fma,ma,7,18-05-22,high,852.8,534.1,2068.57,78.63,131474,52225457,3575,no,3.2,4,n
mm-7-6,mm-7-6_NADH,mm-7-6,NADH,M,a195,mma,ma,7,18-05-22,high,834.92,516.96,2068.66,79.51,262144,79153667,2718,no,0.0,3,n
um-14-1,um-14-1_NADH,um-14-1,NADH,M,a179,mum,um,14,18-05-29,high,837.83,538.29,2037.14,79.38,262144,94577838,3247,no,1.0,4,n
um-14-2,um-14-2_NADH,um-14-2,NADH,M,a260,mum,um,14,18-05-29,high,783.72,509.27,1893.3,79.5,262144,79893016,2743,no,1.1,3,n
um-14-3,um-14-3_NADH,um-14-3,NADH,M,a229,mum,um,14,18-05-29,high,806.69,518.46,1996.93,79.86,262144,96542680,3315,no,1.0,5,n
um-14-4,um-14-4_NADH,um-14-4,NADH,M,a164,mum,um,14,18-05-29,high,798.82,502,1972.43,79.15,262144,92509086,3176,no,1.0,4,n
um-14-5,um-14-5_NADH,um-14-5,NADH,M,NA,mum,um,14,18-05-29,high,NA,NA,NA,NA,NA,NA,NA,yes,NA,NA,y
um-14-6,um-14-6_NADH,um-14-6,NADH,M,a162,mum,um,14,18-05-29,high,802.16,523.52,2018.08,80.62,262144,73872044,2536,no,1.0,3,n
um-14-7,um-14-7_NADH,um-14-7,NADH,M,a280,mum,um,14,18-05-29,high,755.95,494.39,1861.44,80.2,262144,91926952,3156,no,1.9,3,n
mf-14-1,mf-14-1_NADH,mm-14-1,NADH,F,a256,fma,ma,14,18-05-29,high,NA,NA,NA,NA,159727,8186541,461,yes,1.8,1,y
mm-14-1,mm-14-1_NADH,mm-14-1,NADH,M,a168,mma,ma,14,18-05-29,high,783.65,505.13,1936.4,79.78,262144,72751921,2498,no,1.1,3,n
mf-14-2,mf-14-2_NADH,mm-14-2,NADH,F,a244,fma,ma,14,18-05-29,high,872.55,505.68,2084.49,76.07,213136,54081099,2284,no,0.1,4,n
mm-14-2,mm-14-2_NADH,mm-14-2,NADH,M,a215,mma,ma,14,18-05-29,high,823.02,519.54,2038.04,79.29,262144,80471494,2763,no,1.0,4,n
mf-14-3,mf-14-3_NADH,mm-14-3,NADH,F,a248,fma,ma,14,18-05-29,high,850.47,500.14,2007.99,76.06,185240,31123943,1512,no,0.1,4,n
mm-14-3,mm-14-3_NADH,mm-14-3,NADH,M,a205,mma,ma,14,18-05-29,high,790.11,511.79,1972.82,80.18,262144,77486857,2660,no,1.0,3,n
mf-14-4,mf-14-4_NADH,mm-14-4,NADH,F,NA,fma,ma,14,18-05-29,high,NA,NA,NA,NA,NA,NA,NA,yes,NA,NA,y
mm-14-4,mm-14-4_NADH,mm-14-4,NADH,M,a201,mma,ma,14,18-05-29,high,776.62,522.43,1951.87,81.48,262144,69402162,2383,no,1.0,5,n
mf-14-5,mf-14-5_NADH,mm-14-5,NADH,F,a222,fma,ma,14,18-05-29,high,857.31,506.92,2044.87,76.53,202049,51177594,2280,no,1.9,3,n
mm-14-5,mm-14-5_NADH,mm-14-5,NADH,M,a237,mma,ma,14,18-05-29,high,826.78,505.32,2103.95,79.84,262144,71202867,2445,no,1.0,3,n
mf-14-6,mf-14-6_NADH,mm-14-6,NADH,F,a258,fma,ma,14,18-05-29,high,NA,NA,NA,NA,138118,3792538.0,247,yes,NA,1,y
mm-14-6,mm-14-6_NADH,mm-14-6,NADH,M,a272,mma,ma,14,18-05-29,high,809.68,486.7,2043.56,84.95,262144,97999910,3365,no,1.1,3,n
mf-14-7,mf-14-7_NADH,mm-14-7,NADH,F,a254,fma,ma,14,18-05-29,high,NA,NA,NA,NA,193841,2138277,99,yes,2.9,2,y
mm-14-7,mm-14-7_NADH,mm-14-7,NADH,M,a184,mma,ma,14,18-05-29,high,785.3,524.67,1950.15,81.05,262144,68638623,2357,no,1.0,4,n
mf-14-8,mf-14-8_NADH,mm-14-8,NADH,F,NA,fma,ma,14,18-05-29,high,NA,NA,NA,NA,NA,NA,NA,NA,NA,NA,y
mf-14-9,mf-14-9_NADH,mm-14-9,NADH,F,a253,fma,ma,14,18-05-29,high,NA,NA,NA,NA,123926,12481131,906,no,1.9,2,y
mm-14-9,mm-14-9_NADH,mm-14-9,NADH,M,a219,mma,ma,14,18-05-29,high,815.82,514.71,2000.08,79.09,262144,91436864,3139,no,1.0,3,n
um-30-1,um-30-1_NADH,um-30-1,NADH,M,a306,mum,um,30,18-06-14,high,903.59,538.35,2177.28,77.06,262144,70084721,2406,no,0.0,4,n
um-30-2,um-30-2_NADH,um-30-2,NADH,M,a320,mum,um,30,18-06-14,high,NA,NA,NA,NA,NA,NA,NA,yes,-0.9,1,y
um-30-3,um-30-3_NADH,um-30-3,NADH,M,a312,mma,ma,30,18-06-14,high,NA,NA,NA,NA,262144,7548186,259,yes,NA,1,y
um-30-4,um-30-4_NADH,um-30-4,NADH,M,a309,mma,ma,30,18-06-14,high,827.18,529.1,2021.31,79.26,262144,74187992,2547,no,0.0,4,n
um-30-5,um-30-5_NADH,um-30-5,NADH,M,a325,mum,um,30,18-06-14,high,806.35,515.05,1939.06,78.85,262144,83247345,2858,no,0.0,4,n
um-30-6,um-30-6_NADH,um-30-6,NADH,M,a315,mma,ma,30,18-06-14,high,NA,NA,NA,NA,262144,8204482,282,yes,NA,1,y
um-30-7,um-30-7_NADH,um-30-7,NADH,M,a322,mum,um,30,18-06-14,high,851.03,567.76,2063.75,80.44,262144,84269730,2893,no,-0.1,5,n
mm-30-1,mm-30-1_NADH,mm-30-1,NADH,M,a314,mma,ma,30,18-06-14,high,884.16,548.21,2120.25,77.94,262144,85120894,2922,no,1.0,3,n
mm-30-2,mm-30-2_NADH,mm-30-2,NADH,M,a311,mma,ma,30,18-06-14,high,806.52,503.81,2025.18,79.33,262144,83247345,2858,no,NA,5,n
mm-30-3,mm-30-3_NADH,mm-30-3,NADH,M,a318,mma,ma,30,18-06-14,high,823.1,510.79,1984.21,78.08,262144,86024386,2953,no,1.0,3,n
mm-30-4,mm-30-4_NADH,mm-30-4,NADH,M,a313,mum,um,30,18-06-14,high,821.05,504.58,1982.99,77.88,262144,81478450,2797,no,0.1,4,n
mm-30-5,mm-30-5_NADH,mm-30-5,NADH,M,a321,mma,ma,30,18-06-14,high,832.14,566.63,2090.31,81.92,262144,72039523,2473,no,-0.1,4,n
mm-30-6,mm-30-6_NADH,mm-30-6,NADH,M,a308,mma,ma,30,18-06-14,high,801.13,504.14,1921.21,78.4,262144,97829612,3359,no,0.0,4,n
mm-30-7,mm-30-7_NADH,mm-30-7,NADH,M,a323,mma,ma,30,18-06-14,high,793.5,510.74,1918.04,79.22,262144,95033326,3263,no,0.1,3,n
